lp__,treedepth__,stepsize__,alpha,beta,sigma_noise
1.48085,2,8.83221,4.69915,4.9104,13.1499
0.841196,3,8.83221,-9.37751,-8.67139,6.45865
0.369334,2,8.83221,16.4071,4.1691,10.1936
-1.51116,2,8.83221,20.7685,-11.1789,3.83365
-1.51116,0,8.83221,20.7685,-11.1789,3.83365
-1.51116,1,8.83221,20.7685,-11.1789,3.83365
1.37356,2,8.83221,6.4248,-6.04994,8.07993
1.37356,2,8.83221,6.4248,-6.04994,8.07993
1.37356,1,8.83221,6.4248,-6.04994,8.07993
-0.213501,2,8.83221,-16.4926,8.30155,5.04475
-0.213501,2,8.83221,-16.4926,8.30155,5.04475
1.55243,2,8.83221,-4.04449,-3.66078,7.0043
1.55243,1,8.83221,-4.04449,-3.66078,7.0043
1.14148,1,8.83221,-1.28396,-4.96855,3.84635
1.10451,2,8.83221,-3.69222,6.41928,4.3669
-1.26142,1,8.83221,-13.9879,2.66605,26.5592
-1.26142,2,8.83221,-13.9879,2.66605,26.5592
0.417507,1,8.83221,-6.62843,2.53443,1.99201
0.15687,1,8.83221,7.5041,8.00358,2.18723
-1.17092,2,8.83221,-0.829722,2.60325,0.322042
-1.77867,2,8.83221,1.13028,-2.53251,0.17551
-2.66491,1,8.83221,-21.5764,-11.7538,1.43893
-0.56014,2,8.83221,6.19837,-15.7774,2.47758
-0.326189,2,8.83221,2.02947,14.1232,21.881
0.0414649,2,8.83221,-5.5462,-11.8923,2.54679
0.805642,2,8.83221,-14.0592,-0.196759,10.9329
0.699166,2,8.83221,10.9942,8.87483,6.95149
0.727088,2,8.83221,-14.3614,-0.255762,12.1642
1.39931,2,8.83221,6.14009,3.01603,6.20952
0.143054,2,8.83221,6.39459,4.58768,1.59269
-1.36485,2,8.83221,7.43399,7.30801,0.440201
-3.92237,1,8.83221,18.1421,-7.40814,0.135038
-3.09142,2,8.83221,-9.37111,-16.9982,0.299038
-1.65106,2,8.83221,4.67173,20.4236,1.74886
-1.50076,2,8.83221,19.1319,-2.0844,1.43535
-0.460781,1,8.83221,8.23362,-2.82412,0.92528
0.407976,2,8.83221,-12.6916,-8.97243,6.03896
0.407976,1,8.83221,-12.6916,-8.97243,6.03896
1.06453,2,8.83221,10.6328,5.5217,8.60974
0.284129,2,8.83221,-9.65971,5.06779,2.48419
0.284129,1,8.83221,-9.65971,5.06779,2.48419
0.152735,1,8.83221,-6.23716,11.6294,2.90253
-0.88278,2,8.83221,5.48318,-10.6272,0.848601
0.659903,1,8.83221,-10.114,-7.69106,4.88678
1.72045,2,8.83221,0.762976,-0.505558,12.9104
1.72045,1,8.83221,0.762976,-0.505558,12.9104
1.72045,2,8.83221,0.762976,-0.505558,12.9104
1.72045,1,8.83221,0.762976,-0.505558,12.9104
1.68551,2,8.83221,-4.0448,2.30958,9.08711
1.68551,1,8.83221,-4.0448,2.30958,9.08711
-0.0771493,3,8.83221,10.0072,12.7422,3.68077
1.30235,2,8.83221,9.65331,2.45459,9.36046
0.75949,2,8.83221,10.4079,1.66116,17.6351
-0.275659,2,8.83221,2.3939,-17.1032,3.59779
-0.676182,2,8.83221,-3.66671,18.5837,3.221
-0.676182,1,8.83221,-3.66671,18.5837,3.221
-0.478704,1,8.83221,8.54856,15.5259,3.12968
0.246637,2,8.83221,-8.98063,-14.3569,6.73473
0.246637,1,8.83221,-8.98063,-14.3569,6.73473
1.67959,2,8.83221,3.82421,-1.49658,12.0271
1.38155,2,8.83221,-6.756,4.77579,7.33755
1.38155,1,8.83221,-6.756,4.77579,7.33755
1.73473,2,8.83221,1.13336,-1.00505,7.72734
1.5866,2,8.83221,-4.8413,0.084029,7.04035
1.22401,2,8.83221,0.43362,-10.5946,11.3072
0.962181,2,8.83221,3.50997,3.57079,3.11438
0.78395,1,8.83221,1.54307,0.638107,2.2793
-0.0596736,1,8.83221,-7.34324,7.54466,1.66258
-0.647682,2,8.83221,-0.72357,-12.6461,1.17522
0.897054,2,8.83221,1.0558,8.98083,17.71
0.897054,2,8.83221,1.0558,8.98083,17.71
0.897054,1,8.83221,1.0558,8.98083,17.71
0.897054,2,8.83221,1.0558,8.98083,17.71
0.897054,2,8.83221,1.0558,8.98083,17.71
1.48137,2,8.83221,4.8889,-2.54589,6.20939
-0.214346,2,8.83221,5.81939,-16.5379,4.07821
-0.0200646,1,8.83221,-7.11695,-13.1585,3.15394
0.9587,2,8.83221,9.50477,-8.76564,10.9074
1.3054,2,8.83221,-6.81664,-6.49697,12.4025
1.3054,2,8.83221,-6.81664,-6.49697,12.4025
0.149836,2,8.83221,13.7306,-11.8874,9.41012
1.02052,2,8.83221,-12.1552,-2.19462,8.64617
1.02052,1,8.83221,-12.1552,-2.19462,8.64617
1.02052,2,8.83221,-12.1552,-2.19462,8.64617
0.103547,2,8.83221,-4.20523,-17.8062,11.6312
0.0987368,2,8.83221,-0.704978,-18.3413,8.64271
-0.814426,2,8.83221,-12.278,-17.2069,4.59681
-2.54382,2,8.83221,18.9779,11.6081,0.937177
-4.11167,1,8.83221,21.2639,14.5319,0.45203
-1.32997,2,8.83221,8.91455,-8.10169,0.5472
0.68284,2,8.83221,-12.656,-0.231729,16.0878
0.666833,2,8.83221,14.5495,-3.69042,9.0561
0.666833,1,8.83221,14.5495,-3.69042,9.0561
0.673349,2,8.83221,9.68498,-3.50951,3.54996
-1.70521,2,8.83221,-17.246,-16.0774,3.06923
1.5043,2,8.83221,-1.14128,-7.47382,11.1373
0.430412,2,8.83221,10.9096,-3.73316,3.14093
-1.00256,2,8.83221,6.52077,-21.152,16.4523
-1.00256,2,8.83221,6.52077,-21.152,16.4523
-1.00256,2,8.83221,6.52077,-21.152,16.4523
1.4711,2,8.83221,-2.12867,-1.01552,5.09806
-0.573733,2,8.83221,11.4429,-6.91363,1.39044
0.263856,1,8.83221,4.45277,-1.95567,1.48155
0.0342261,1,8.83221,5.36518,3.19278,1.26764
0.738817,1,8.83221,0.0912046,-7.05308,2.79141
0.818797,2,8.83221,-5.46492,-7.46888,3.73087
-1.59324,2,8.83221,-4.69488,-2.20635,0.232603
-4.04715,1,8.83221,-1.68149,8.4955,0.0254219
-4.90826,1,8.83221,20.5642,9.18604,0.093306
-3.29797,2,8.83221,-20.5452,-6.8798,0.386729
0.316888,2,8.83221,3.92741,5.19606,1.72261
-2.50381,2,8.83221,0.267008,24.6911,1.75087
-1.38708,2,8.83221,13.5105,15.7237,2.19423
-1.04746,2,8.83221,-9.9508,-18.0117,3.05375
-1.15852,2,8.83221,10.4868,20.2495,16.5052
-0.0768774,1,8.83221,11.2856,15.2064,7.21853
-0.0768774,0,8.83221,11.2856,15.2064,7.21853
0.28866,1,8.83221,-3.09952,-2.32803,1.45407
0.28866,2,8.83221,-3.09952,-2.32803,1.45407
0.476791,2,8.83221,8.75381,10.9583,4.84364
1.54296,2,8.83221,2.55937,5.96172,7.87109
1.54296,2,8.83221,2.55937,5.96172,7.87109
1.63677,2,8.83221,-5.70948,-0.649564,9.73397
1.38141,2,8.83221,8.59251,-0.731429,7.86733
0.630108,1,8.83221,3.08672,-7.62423,20.1809
0.0680015,2,8.83221,4.49037,-6.68554,1.49706
0.0680015,2,8.83221,4.49037,-6.68554,1.49706
0.227783,2,8.83221,-14.6892,8.51111,13.8551
-1.76776,2,8.83221,-7.54086,17.9783,1.14942
-4.05298,2,8.83221,1.0821,-20.5704,0.144958
-4.17873,2,8.83221,-21.0931,-4.14065,0.154387
-2.94152,2,8.83221,-14.5646,-3.38224,0.161452
-1.78182,2,8.83221,-0.4343,10.7609,0.300762
-4.53727,1,8.83221,-4.81534,29.3811,0.903946
-2.83391,1,8.83221,16.4581,16.3317,0.867465
-0.421262,2,8.83221,-13.7858,2.56703,22.6122
1.23112,2,8.83221,4.14295,-8.24313,6.45689
1.23112,1,8.83221,4.14295,-8.24313,6.45689
1.27178,2,8.83221,3.25434,8.7521,13.2228
1.46032,2,8.83221,-7.4843,-0.055645,7.61917
1.46032,1,8.83221,-7.4843,-0.055645,7.61917
-0.218974,2,8.83221,-11.4161,-13.4004,4.11765
1.65407,2,8.83221,2.99214,-4.35033,9.06051
1.0014,2,8.83221,8.29267,5.61177,15.8955
1.0014,2,8.83221,8.29267,5.61177,15.8955
1.0014,2,8.83221,8.29267,5.61177,15.8955
-0.673759,2,8.83221,11.8387,-17.6626,14.9541
-0.00322107,2,8.83221,-0.974898,4.40108,1.1102
-0.00322107,2,8.83221,-0.974898,4.40108,1.1102
-0.622442,2,8.83221,10.4214,-18.935,13.1238
-0.596554,2,8.83221,15.6361,-13.2936,5.17178
0.316561,2,8.83221,-12.4978,-3.78963,18.7801
0.316561,2,8.83221,-12.4978,-3.78963,18.7801
-0.759707,2,8.83221,-13.6936,-16.5392,5.43831
0.467251,1,8.83221,-11.8962,3.80284,3.73136
0.672217,1,8.83221,1.97685,-4.49676,2.26724
0.0315189,2,8.83221,-14.8293,-8.05017,4.81044
0.0315189,1,8.83221,-14.8293,-8.05017,4.81044
1.30465,2,8.83221,-7.61105,5.33758,7.55364
1.30465,1,8.83221,-7.61105,5.33758,7.55364
-1.75964,1,8.83221,-8.4971,8.94795,0.368751
-2.59831,1,8.83221,-8.35664,-6.87227,0.133599
-1.0009,1,8.83221,-2.48601,-11.2984,0.719544
-2.77181,2,8.83221,-6.94484,13.0174,0.185775
-0.788204,2,8.83221,7.53343,-11.9403,1.24125
0.9679,2,8.83221,-5.10795,10.7918,13.673
-1.83041,2,8.83221,25.433,-5.85723,5.67727
-0.40787,2,8.83221,-12.2245,-17.0801,9.32849
0.20263,2,8.83221,4.49202,17.1024,8.15185
1.50824,2,8.83221,5.14356,1.00237,6.3362
1.50824,1,8.83221,5.14356,1.00237,6.3362
1.58744,2,8.83221,-0.583877,1.22863,14.8339
1.58744,1,8.83221,-0.583877,1.22863,14.8339
1.58744,1,8.83221,-0.583877,1.22863,14.8339
-1.67713,1,8.83221,23.2981,7.45642,4.04114
-0.124505,2,8.83221,19.452,-2.64639,10.1299
0.179817,2,8.83221,-2.67254,-17.812,9.7347
0.123737,2,8.83221,16.9499,6.95691,10.189
0.123737,1,8.83221,16.9499,6.95691,10.189
0.512894,2,8.83221,-11.4468,-6.70959,16.9556
1.23098,2,8.83221,10.4575,2.19977,9.75369
-1.06667,1,8.83221,12.4896,10.6818,1.34013
-1.4349,2,8.83221,-2.06848,3.74519,0.261052
0.294193,2,8.83221,3.02377,-0.661314,1.42221
-2.8407,2,8.83221,-17.7052,3.52743,0.297999
-1.88834,1,8.83221,-3.10403,1.84852,0.161548
-1.88834,1,8.83221,-3.10403,1.84852,0.161548
-4.01215,1,8.83221,4.93523,11.9916,0.0419464
0.449401,1,8.83221,-3.19377,2.81293,1.74219
0.449401,1,8.83221,-3.19377,2.81293,1.74219
0.0696659,2,8.83221,-14.1063,-3.20717,3.2146
0.0696659,1,8.83221,-14.1063,-3.20717,3.2146
-0.842036,1,8.83221,-5.09011,-18.1206,2.62122
-0.842036,1,8.83221,-5.09011,-18.1206,2.62122
-0.288413,2,8.83221,-14.8188,-9.77059,3.90905
-0.0543659,1,8.83221,-0.432441,-18.0108,5.62089
-0.0543659,1,8.83221,-0.432441,-18.0108,5.62089
-0.0543659,1,8.83221,-0.432441,-18.0108,5.62089
-0.219243,1,8.83221,10.9843,-12.9334,3.61768
0.514449,2,8.83221,1.16093,15.9808,10.6755
0.755842,2,8.83221,10.0839,-3.60493,4.11138
0.431539,2,8.83221,-14.2955,-2.3315,4.97406
0.431539,1,8.83221,-14.2955,-2.3315,4.97406
0.733315,2,8.83221,13.4376,1.62379,14.1396
-0.705593,2,8.83221,-6.05787,7.88974,26.3975
-0.705593,2,8.83221,-6.05787,7.88974,26.3975
-0.705593,2,8.83221,-6.05787,7.88974,26.3975
-0.705593,2,8.83221,-6.05787,7.88974,26.3975
-0.231639,1,8.83221,10.1378,5.99604,1.60789
-0.231639,2,8.83221,10.1378,5.99604,1.60789
0.191813,1,8.83221,-1.90575,1.42604,1.25612
-0.938104,2,8.83221,5.66883,-10.5732,0.806368
-1.22603,2,8.83221,-10.8924,16.6348,21.5357
-1.22603,2,8.83221,-10.8924,16.6348,21.5357
-0.77313,2,8.83221,5.06927,-16.3386,2.03567
-0.270538,2,8.83221,-17.2575,8.47902,15.0598
-0.816927,1,8.83221,-18.2831,13.0872,13.168
-0.816927,1,8.83221,-18.2831,13.0872,13.168
-0.816927,1,8.83221,-18.2831,13.0872,13.168
0.577024,2,8.83221,10.4195,7.32222,4.41707
1.33678,2,8.83221,4.14771,8.02952,7.70751
-0.0161119,2,8.83221,-15.9572,-7.7292,5.51779
0.388664,2,8.83221,-0.157195,12.5105,3.42076
0.879329,2,8.83221,13.4367,-1.22283,11.1635
1.19319,2,8.83221,-10.9931,0.207266,10.7108
0.860181,2,8.83221,8.90678,9.83572,7.62159
0.983441,2,8.83221,9.22319,3.8095,16.1145
1.51777,2,8.83221,-0.81677,-7.49148,9.70744
0.574143,2,8.83221,0.543962,15.6116,9.10065
0.587781,2,8.83221,-5.13338,-13.7505,6.54966
0.617298,2,8.83221,9.49789,12.0085,8.87302
0.858041,2,8.83221,-4.04699,-11.4465,5.84743
1.70029,2,8.83221,0.964748,4.39764,10.3097
1.70029,2,8.83221,0.964748,4.39764,10.3097
1.04936,2,8.83221,3.62601,-10.2945,14.2009
0.434315,2,8.83221,-8.35784,-10.2312,17.7012
0.434315,2,8.83221,-8.35784,-10.2312,17.7012
0.434315,2,8.83221,-8.35784,-10.2312,17.7012
0.776801,2,8.83221,9.89436,-8.06099,5.81342
-0.31188,2,8.83221,16.2804,12.3924,11.4951
0.779825,2,8.83221,-12.3664,-6.28613,7.64905
1.31289,1,8.83221,-8.19569,-2.63157,6.77039
-0.324739,2,8.83221,15.0247,-11.1025,4.60021
1.29407,2,8.83221,2.09968,9.53253,11.8428
1.29407,1,8.83221,2.09968,9.53253,11.8428
0.888953,2,8.83221,6.42203,-9.96235,5.81534
-0.969374,2,8.83221,-13.162,19.3105,8.04133
-1.0148,2,8.83221,6.42195,-16.9995,1.92484
0.161769,2,8.83221,-0.308578,-14.6226,3.66366
-1.62009,1,8.83221,-12.3949,-20.0933,3.40312
-0.258793,2,8.83221,-5.66757,13.3213,21.307
0.253177,1,8.83221,-11.7756,12.8891,8.44971
0.460772,2,8.83221,9.52759,13.2006,8.73814
1.18905,2,8.83221,-8.14622,5.6942,6.76553
0.634059,1,8.83221,-15.1529,1.89584,10.5051
1.1948,2,8.83221,6.36284,-0.327145,4.47159
1.23117,1,8.83221,3.33913,-1.89137,3.9929
0.0939407,2,8.83221,2.16354,-8.34765,1.61412
-0.506248,1,8.83221,-13.4327,-7.69539,2.03979
1.25834,2,8.83221,7.83866,-3.38966,6.10755
1.25834,1,8.83221,7.83866,-3.38966,6.10755
1.25834,1,8.83221,7.83866,-3.38966,6.10755
0.389816,2,8.83221,11.1693,4.05966,3.14371
0.959066,2,8.83221,-7.35542,-2.28599,3.76866
0.959066,1,8.83221,-7.35542,-2.28599,3.76866
0.959066,2,8.83221,-7.35542,-2.28599,3.76866
-1.3711,2,8.83221,4.00286,24.7999,8.67603
-0.954947,2,8.83221,-9.35909,-21.3674,8.14844
-1.10566,2,8.83221,10.0058,-19.0244,3.55259
0.635787,1,8.83221,1.93525,-10.8307,3.70492
0.687884,1,8.83221,-3.105,7.26878,2.8301
0.854346,1,8.83221,-7.58666,-1.41731,3.34747
0.854346,1,8.83221,-7.58666,-1.41731,3.34747
0.854346,1,8.83221,-7.58666,-1.41731,3.34747
-0.00618397,2,8.83221,10.5113,-6.3107,21.5676
0.244197,2,8.83221,-10.8449,9.05522,3.71013
-1.05404,1,8.83221,-19.9943,-6.68711,3.40935
-1.53366,2,8.83221,22.8662,8.04419,4.50778
-0.558107,2,8.83221,-9.05924,19.286,7.15726
-0.558107,1,8.83221,-9.05924,19.286,7.15726
0.0561539,2,8.83221,3.66072,-17.8655,7.26296
0.0561539,1,8.83221,3.66072,-17.8655,7.26296
0.59941,2,8.83221,-2.91803,-15.1974,9.24818
0.59941,1,8.83221,-2.91803,-15.1974,9.24818
-0.684091,2,8.83221,12.1152,15.367,18.3151
-1.24544,2,8.83221,-5.46483,-22.6504,4.89929
0.989469,2,8.83221,-0.700574,10.7365,15.1746
0.290038,2,8.83221,-2.40487,-11.41,2.73846
0.317236,2,8.83221,-5.47415,15.7929,13.1076
0.317236,1,8.83221,-5.47415,15.7929,13.1076
0.317236,2,8.83221,-5.47415,15.7929,13.1076
0.317236,2,8.83221,-5.47415,15.7929,13.1076
0.317236,2,8.83221,-5.47415,15.7929,13.1076
0.317236,2,8.83221,-5.47415,15.7929,13.1076
0.0347445,2,8.83221,-14.2859,-11.652,7.50643
0.0347445,2,8.83221,-14.2859,-11.652,7.50643
-0.634397,2,8.83221,15.4876,13.3983,16.302
-0.634397,2,8.83221,15.4876,13.3983,16.302
0.741616,2,8.83221,-4.11071,-12.85,6.40234
0.883097,2,8.83221,6.32649,-0.607264,19.3888
-3.11433,2,8.83221,27.5495,-13.7126,6.08535
-0.346918,2,8.83221,13.8081,15.3382,8.62463
0.804194,2,8.83221,7.46634,-6.51084,3.94615
0.942987,2,8.83221,11.5919,3.67197,6.75659
1.2452,2,8.83221,-3.81515,-5.24375,4.81279
-0.525908,2,8.83221,8.89915,8.65842,1.28815
-0.525908,2,8.83221,8.89915,8.65842,1.28815
0.255719,1,8.83221,4.30513,6.43924,1.77072
0.134752,1,8.83221,-1.30291,-5.34318,1.34314
0.476037,1,8.83221,-5.87839,-8.26595,20.0352
0.476037,3,8.83221,-5.87839,-8.26595,20.0352
0.769084,2,8.83221,11.3949,5.91324,5.83059
0.999242,2,8.83221,10.916,-4.01506,13.7514
1.31749,2,8.83221,-1.92365,-0.134662,4.14541
-1.45507,1,8.83221,-20.3143,10.403,18.9272
-1.07142,2,8.83221,19.2738,-13.6269,7.19332
-1.79175,2,8.83221,21.5488,-9.88859,2.88821
-0.741323,2,8.83221,0.708726,2.07734,0.488683
-0.741323,1,8.83221,0.708726,2.07734,0.488683
-0.597369,1,8.83221,-6.44733,19.8659,5.74872
-0.0185975,2,8.83221,-4.587,14.6032,18.9018
-0.0185975,2,8.83221,-4.587,14.6032,18.9018
-0.0185975,2,8.83221,-4.587,14.6032,18.9018
-0.0185975,1,8.83221,-4.587,14.6032,18.9018
-1.38393,2,8.83221,21.1544,-11.3197,5.06641
0.121993,2,8.83221,-11.1042,13.2422,14.5991
-2.30133,2,8.83221,27.6355,2.14049,5.39676
0.356603,2,8.83221,11.6337,-12.3794,9.45513
0.356603,1,8.83221,11.6337,-12.3794,9.45513
-0.262575,2,8.83221,-15.2562,13.3992,10.615
-0.262575,1,8.83221,-15.2562,13.3992,10.615
-0.262575,1,8.83221,-15.2562,13.3992,10.615
1.45988,1,8.83221,-4.95652,6.5849,9.45192
0.827319,2,8.83221,6.16105,10.7209,5.81878
0.862179,2,8.83221,13.4689,-1.99785,8.86578
1.31355,1,8.83221,8.0344,-1.30997,6.32932
1.31355,1,8.83221,8.0344,-1.30997,6.32932
1.31355,2,8.83221,8.0344,-1.30997,6.32932
-2.04708,1,8.83221,16.1571,-11.6609,0.94414
0.0223848,2,8.83221,-17.0228,-7.51785,12.2828
-0.726634,2,8.83221,13.2014,-11.1237,2.19809
0.858837,2,8.83221,-4.09349,-3.66339,2.85938
0.790622,2,8.83221,-7.84225,-10.4979,6.37478
-0.453966,2,8.83221,-6.7732,18.4855,16.0878
-0.515597,2,8.83221,-0.72883,-18.5873,3.59323
-0.515597,1,8.83221,-0.72883,-18.5873,3.59323
0.905876,2,8.83221,1.28026,-5.71541,19.4425
0.905876,3,8.83221,1.28026,-5.71541,19.4425
0.905876,2,8.83221,1.28026,-5.71541,19.4425
0.0919435,2,8.83221,4.12858,4.97357,1.36363
-0.124658,1,8.83221,-4.26621,12.2705,2.09842
0.394455,1,8.83221,-10.6503,-3.16218,2.8652
0.99111,1,8.83221,-6.51753,-1.51942,3.5955
1.41654,2,8.83221,-2.77285,6.9005,6.8947
1.41654,1,8.83221,-2.77285,6.9005,6.8947
-0.00243513,2,8.83221,-15.368,9.44787,14.4756
0.86432,2,8.83221,12.5253,2.72795,13.5891
0.86432,2,8.83221,12.5253,2.72795,13.5891
0.86432,2,8.83221,12.5253,2.72795,13.5891
0.779399,2,8.83221,2.9007,7.49755,3.16665
0.987673,2,8.83221,-0.483165,-4.01937,3.05332
1.10421,2,8.83221,2.96026,-9.59953,14.6824
1.10421,1,8.83221,2.96026,-9.59953,14.6824
0.497627,2,8.83221,-2.32004,10.1732,2.96203
0.497627,2,8.83221,-2.32004,10.1732,2.96203
0.0867866,2,8.83221,15.3313,-1.1325,3.82514
-0.893371,2,8.83221,15.0905,17.1772,7.28604
1.03907,2,8.83221,-10.1379,-4.43553,14.1115
0.50439,1,8.83221,-15.7539,-1.87777,12.0527
-0.827907,2,8.83221,20.1247,10.0632,7.03516
1.5328,2,8.83221,-2.38778,6.75388,8.87393
1.5328,2,8.83221,-2.38778,6.75388,8.87393
1.23506,2,8.83221,4.8977,-9.29777,8.78788
1.23506,1,8.83221,4.8977,-9.29777,8.78788
0.681384,2,8.83221,2.95301,-6.82922,2.70401
-0.786341,1,8.83221,16.7747,-3.31391,2.00494
-0.281362,2,8.83221,-18.2184,-8.92123,8.41985
-0.281362,2,8.83221,-18.2184,-8.92123,8.41985
0.178546,2,8.83221,-10.5291,9.6922,18.5302
1.24737,2,8.83221,-1.51917,-2.64701,3.94178
1.24737,2,8.83221,-1.51917,-2.64701,3.94178
0.875877,2,8.83221,9.01443,10.1911,10.336
0.768443,2,8.83221,-10.1604,-8.12464,6.0273
1.29735,2,8.83221,3.39314,-6.33051,15.324
1.16025,2,8.83221,-1.84163,10.5872,7.56972
0.41852,2,8.83221,13.8302,7.91729,6.83286
0.691674,2,8.83221,-1.2056,-0.269974,2.05531
1.08466,2,8.83221,8.66278,-0.778904,4.85984
-1.20425,2,8.83221,5.98165,-15.8986,1.27976
-1.3072,1,8.83221,15.6613,-19.2465,11.8176
-0.721615,2,8.83221,-8.59713,-14.4169,2.02945
0.979373,2,8.83221,-8.702,-0.536304,4.26471
0.121564,2,8.83221,9.95686,12.3544,4.37614
0.121564,1,8.83221,9.95686,12.3544,4.37614
0.0611481,2,8.83221,18.65,0.658415,10.1276
0.29065,1,8.83221,17.2391,0.704083,11.571
-0.572742,2,8.83221,-19.3936,0.216792,4.00833
1.37046,2,8.83221,-5.57642,7.40711,9.52233
1.37046,2,8.83221,-5.57642,7.40711,9.52233
1.65458,2,8.83221,5.22973,0.495561,9.01612
1.65458,2,8.83221,5.22973,0.495561,9.01612
1.65458,0,8.83221,5.22973,0.495561,9.01612
1.17072,2,8.83221,9.99301,5.09061,9.45765
1.17072,2,8.83221,9.99301,5.09061,9.45765
-0.344303,1,8.83221,13.5384,15.6511,10.7616
-0.344303,1,8.83221,13.5384,15.6511,10.7616
0.564983,2,8.83221,-12.9048,-8.9086,9.11288
0.170999,2,8.83221,0.505545,-12.5376,2.70418
-0.174516,2,8.83221,16.6188,7.63439,15.946
-0.513984,2,8.83221,-20.2785,-7.20988,10.2383
1.14308,1,8.83221,-6.77602,-8.18502,7.094
1.14308,1,8.83221,-6.77602,-8.18502,7.094
-0.0787609,2,8.83221,19.3468,-0.917834,9.25816
-0.0787609,0,8.83221,19.3468,-0.917834,9.25816
0.555131,2,8.83221,-9.59147,-9.54282,4.9081
1.18944,2,8.83221,-6.44677,8.9184,10.8868
0.566363,1,8.83221,-10.5083,9.3564,15.3137
0.566363,2,8.83221,-10.5083,9.3564,15.3137
1.50984,1,8.83221,-2.2158,6.72135,8.01855
1.50984,1,8.83221,-2.2158,6.72135,8.01855
1.50984,1,8.83221,-2.2158,6.72135,8.01855
1.2528,2,8.83221,-0.16551,-6.40201,4.82788
1.12322,2,8.83221,-0.370311,3.3328,3.45228
-1.67787,1,8.83221,-25.016,3.43431,15.8181
0.790557,2,8.83221,2.45145,-3.68998,20.6937
0.176047,2,8.83221,-1.33476,-2.26241,1.24394
1.1714,2,8.83221,5.35159,-2.84374,17.2932
1.75102,2,8.83221,-2.84363,1.48093,10.1294
0.380917,2,8.83221,2.0451,6.23188,1.84605
-1.88765,1,8.83221,-10.9951,-15.4174,0.91343
-1.90032,2,8.83221,0.456678,-13.8095,0.388676
-2.26362,2,8.83221,8.73214,-8.31305,0.215111
0.375983,2,8.83221,-3.86113,13.6274,4.36881
-0.826035,2,8.83221,3.14601,-21.7599,14.9047
0.729434,2,8.83221,-4.54191,-13.8426,8.9288
1.12315,2,8.83221,-1.04054,-1.67714,3.31171
0.510809,1,8.83221,8.79662,-9.23771,4.08746
1.07212,2,8.83221,10.7049,-4.61318,12.3394
0.667311,2,8.83221,-8.21323,12.3862,8.29694
1.15324,1,8.83221,-8.85932,7.06396,9.1517
1.32876,2,8.83221,8.33332,4.97334,9.46306
1.17962,1,8.83221,8.71702,3.13098,14.6851
1.1692,2,8.83221,8.92869,3.17062,6.05979
1.1692,1,8.83221,8.92869,3.17062,6.05979
1.3895,2,8.83221,-2.06799,-7.26896,13.76
1.07787,1,8.83221,-2.94418,-11.6322,10.703
0.0742572,2,8.83221,18.0132,-2.53462,7.41774
-0.0847084,2,8.83221,-15.2839,-11.8957,8.93525
-0.0847084,1,8.83221,-15.2839,-11.8957,8.93525
-0.0847084,1,8.83221,-15.2839,-11.8957,8.93525
-0.302196,2,8.83221,17.281,10.7891,8.33207
0.711023,2,8.83221,-8.92298,-9.53537,15.2273
1.00284,1,8.83221,-8.23209,-9.10618,7.93141
0.340768,2,8.83221,7.33025,1.82887,1.90464
0.86651,2,8.83221,-9.37532,-5.3668,4.77881
0.86651,2,8.83221,-9.37532,-5.3668,4.77881
1.48334,2,8.83221,-5.78018,-4.99792,11.6953
1.66404,2,8.83221,2.08705,-1.48718,6.94529
1.72187,2,8.83221,-3.34419,-1.28035,11.3147
1.20155,2,8.83221,0.369914,2.64535,3.6886
1.20155,2,8.83221,0.369914,2.64535,3.6886
0.946822,2,8.83221,0.645606,-5.96938,3.25448
-1.77136,2,8.83221,4.65853,-14.7923,0.567124
-1.64483,2,8.83221,14.0241,-15.8914,1.85607
0.647335,2,8.83221,12.8023,-4.47341,5.60754
-0.145819,2,8.83221,0.495407,-15.8915,3.22203
-0.85258,2,8.83221,-7.78925,7.82369,0.786569
0.763138,2,8.83221,8.99061,1.69021,3.46066
-0.0232436,1,8.83221,11.1814,5.06466,2.12262
-0.524511,2,8.83221,-19.8904,3.76835,15.6632
1.10664,2,8.83221,5.91722,-8.59751,6.39774
-1.69422,2,8.83221,-0.0936774,25.847,14.1843
-0.119552,2,8.83221,4.22503,17.4895,5.09948
-0.119552,1,8.83221,4.22503,17.4895,5.09948
-0.0079442,2,8.83221,-4.21447,-16.6764,4.91412
1.00407,2,8.83221,12.179,-0.374596,12.4566
1.00407,1,8.83221,12.179,-0.374596,12.4566
1.00407,1,8.83221,12.179,-0.374596,12.4566
1.62093,1,8.83221,5.70615,1.18024,11.1096
0.0477766,2,8.83221,-5.04741,-16.9855,6.05625
0.971297,2,8.83221,8.58687,0.842588,17.3927
1.43561,2,8.83221,-1.97293,-1.8518,4.91959
1.29911,2,8.83221,9.72488,2.34035,9.43772
1.04839,2,8.83221,6.84146,-8.3084,6.15221
1.04839,1,8.83221,6.84146,-8.3084,6.15221
1.2248,2,8.83221,-2.83205,10.1153,8.43096
1.2248,2,8.83221,-2.83205,10.1153,8.43096
0.419588,2,8.83221,-0.630081,-11.7133,19.2295
-2.1178,2,8.83221,-23.1413,13.3035,4.74611
-2.1178,1,8.83221,-23.1413,13.3035,4.74611
-0.63973,2,8.83221,17.6336,-8.87836,4.01349
1.18898,1,8.83221,9.61684,-5.42368,9.36612
1.43004,2,8.83221,-1.23116,3.83143,5.18263
-0.0301656,2,8.83221,15.8419,3.79048,17.7876
-0.559276,2,8.83221,-12.6813,-5.72181,1.52208
0.219848,2,8.83221,13.7917,-6.71171,4.46246
0.219848,1,8.83221,13.7917,-6.71171,4.46246
-2.81854,2,8.83221,12.1001,1.9167,0.126435
-1.57663,2,8.83221,-10.5454,-12.6415,0.80385
-0.441921,1,8.83221,10.235,-4.21562,1.19464
-0.635192,1,8.83221,6.31322,9.35662,1.00692
-2.53778,1,8.83221,-6.82928,13.2372,0.239747
-1.90932,2,8.83221,-21.1833,4.96164,1.60037
-2.68362,2,8.83221,-29.2632,-3.28041,6.4038
-1.09897,2,8.83221,-22.1319,7.75154,6.38983
0.585778,1,8.83221,-13.7339,0.133444,15.6163
0.585778,1,8.83221,-13.7339,0.133444,15.6163
0.335186,2,8.83221,8.06403,-1.10217,1.986
0.99185,1,8.83221,0.183463,-0.0785843,2.80496
-0.728485,2,8.83221,16.5311,12.4914,4.58729
-3.75414,1,8.83221,19.213,19.9536,25.0551
0.814603,1,8.83221,8.64202,3.77126,3.78378
0.814603,2,8.83221,8.64202,3.77126,3.78378
1.09606,2,8.83221,-0.426852,11.0574,7.1038
0.633726,2,8.83221,-4.41968,11.7097,4.58095
0.633726,2,8.83221,-4.41968,11.7097,4.58095
0.483504,2,8.83221,-8.11656,-12.7364,6.11688
0.432529,2,8.83221,3.43114,14.473,15.5096
1.18588,1,8.83221,6.25531,8.08273,13.2149
1.18588,2,8.83221,6.25531,8.08273,13.2149
1.10336,2,8.83221,-1.30137,-7.69439,4.52847
0.500008,2,8.83221,3.89223,2.55216,22.355
1.39689,1,8.83221,-7.05423,4.42704,12.5173
1.07842,2,8.83221,-2.78186,-10.4679,6.5505
1.07842,1,8.83221,-2.78186,-10.4679,6.5505
1.07842,2,8.83221,-2.78186,-10.4679,6.5505
0.993053,2,8.83221,7.55996,8.83329,6.5963
1.07243,2,8.83221,-4.81434,-9.63782,6.41367
0.9299,1,8.83221,-8.89795,-5.64577,5.00469
-1.08526,2,8.83221,-16.6732,9.72198,21.3778
0.0265155,2,8.83221,6.69427,-2.42447,1.33493
-0.565215,1,8.83221,11.5713,-1.9473,1.13848
-0.39489,2,8.83221,11.1519,-13.8684,3.48837
-3.67347,1,8.83221,25.1805,-16.8816,20.4834
-3.67347,2,8.83221,25.1805,-16.8816,20.4834
1.03398,2,8.83221,-8.56396,4.0823,4.99716
1.03398,1,8.83221,-8.56396,4.0823,4.99716
1.03398,1,8.83221,-8.56396,4.0823,4.99716
1.40907,2,8.83221,5.91339,-5.84897,7.90315
0.857838,2,8.83221,-2.90262,2.25679,20.4599
-0.317139,2,8.83221,-7.30325,-12.1155,2.02165
-3.05615,2,8.83221,4.91503,30.5293,12.9068
-4.44345,2,8.83221,-10.6277,-28.6553,1.26481
-2.22888,1,8.83221,-9.23092,7.12981,0.212581
-4.19686,2,8.83221,-4.41149,-20.4095,0.13309
-0.271222,2,8.83221,6.72104,16.7599,4.26301
0.576899,2,8.83221,-6.94384,-13.0097,6.54196
0.576899,2,8.83221,-6.94384,-13.0097,6.54196
0.770738,2,8.83221,4.8884,12.7019,6.9457
0.816491,2,8.83221,-6.44137,-10.4156,5.60328
0.199573,2,8.83221,9.09909,0.601228,1.88341
0.117181,1,8.83221,-11.1734,5.11211,2.46568
-0.171932,2,8.83221,17.8989,1.5496,16.5018
-1.10177,2,8.83221,-11.3061,3.8011,0.678353
-1.84778,2,8.83221,11.3022,-10.9933,0.546987
0.773533,1,8.83221,12.8984,0.144675,5.94172
-0.907019,2,8.83221,11.4628,20.1128,8.32076
-3.06139,2,8.83221,7.50607,25.738,1.7289
0.399855,2,8.83221,7.06625,-7.18854,2.56178
1.00432,2,8.83221,-10.114,5.05977,14.2176
1.02313,2,8.83221,10.3066,-6.95296,10.8234
1.42736,2,8.83221,-3.26664,5.99711,6.49991
1.2311,2,8.83221,4.62047,-7.47665,6.05286
1.2676,2,8.83221,-7.29817,4.87697,14.0898
1.2676,2,8.83221,-7.29817,4.87697,14.0898
1.2676,1,8.83221,-7.29817,4.87697,14.0898
1.2676,1,8.83221,-7.29817,4.87697,14.0898
1.2676,1,8.83221,-7.29817,4.87697,14.0898
-0.128649,2,8.83221,-0.466625,5.56678,1.03326
-0.855747,1,8.83221,-9.02048,-13.8621,1.69251
-0.855747,1,8.83221,-9.02048,-13.8621,1.69251
0.00402592,2,8.83221,11.7581,14.1777,6.99203
0.00402592,1,8.83221,11.7581,14.1777,6.99203
-0.765224,2,8.83221,7.40466,-21.3821,9.13603
-0.765224,1,8.83221,7.40466,-21.3821,9.13603
-0.644907,2,8.83221,6.1588,21.1781,11.2601
-0.404257,1,8.83221,-7.47816,4.5681,0.984662
-2.02578,2,8.83221,-3.63644,-2.00395,0.143779
0.762965,2,8.83221,13.6793,3.88373,8.35957
1.714,1,8.83221,-2.93254,-0.351801,7.95989
1.714,1,8.83221,-2.93254,-0.351801,7.95989
1.714,2,8.83221,-2.93254,-0.351801,7.95989
-2.53178,2,8.83221,25.6347,14.2508,11.8756
-0.337022,2,8.83221,11.6796,5.16474,1.63524
-0.365289,2,8.83221,15.3146,6.32902,2.85302
0.100381,2,8.83221,-4.57571,5.69119,1.45886
-0.476997,2,8.83221,7.14802,10.4583,1.39813
0.657055,2,8.83221,-9.92942,8.36726,5.10612
-0.0729954,2,8.83221,16.1821,-9.13746,6.42482
-0.0729954,1,8.83221,16.1821,-9.13746,6.42482
-0.0729954,1,8.83221,16.1821,-9.13746,6.42482
0.12455,2,8.83221,-10.109,9.43545,19.4198
1.1744,2,8.83221,10.7928,-1.09903,8.07755
-2.23153,1,8.83221,26.0615,-11.0094,8.26596
-2.04669,2,8.83221,-21.4853,12.8717,19.3555
1.05956,1,8.83221,-8.38363,3.93049,5.02537
1.05956,0,8.83221,-8.38363,3.93049,5.02537
1.05956,1,8.83221,-8.38363,3.93049,5.02537
0.00929522,2,8.83221,8.1354,-5.17515,1.62805
0.922253,2,8.83221,-4.82152,2.8332,19.434
1.26433,2,8.83221,-0.673894,-6.4341,4.92852
0.538635,2,8.83221,8.15025,-1.61436,2.49669
-0.886696,1,8.83221,12.4457,-14.7449,2.75312
-0.497414,2,8.83221,6.592,17.1652,3.50627
0.120487,2,8.83221,-2.79017,-12.4747,20.3821
0.120487,2,8.83221,-2.79017,-12.4747,20.3821
-1.35587,2,8.83221,-18.3438,-16.5907,7.02706
-1.35587,1,8.83221,-18.3438,-16.5907,7.02706
-1.35587,1,8.83221,-18.3438,-16.5907,7.02706
-1.35587,2,8.83221,-18.3438,-16.5907,7.02706
-0.12586,2,8.83221,13.4981,5.77192,2.68524
0.062725,2,8.83221,-10.0709,-3.68898,22.1887
0.062725,2,8.83221,-10.0709,-3.68898,22.1887
0.062725,2,8.83221,-10.0709,-3.68898,22.1887
0.062725,1,8.83221,-10.0709,-3.68898,22.1887
0.062725,2,8.83221,-10.0709,-3.68898,22.1887
0.062725,2,8.83221,-10.0709,-3.68898,22.1887
0.88322,1,8.83221,-1.21343,-8.94841,3.92785
0.678449,2,8.83221,-2.6855,6.90171,2.68802
0.678449,2,8.83221,-2.6855,6.90171,2.68802
-1.08697,2,8.83221,-21.1885,-2.59273,3.49956
0.910762,2,8.83221,6.72658,-11.4386,11.0849
-0.243395,2,8.83221,12.0554,-2.56174,1.69983
0.456485,2,8.83221,-0.123345,11.4382,19.207
0.456485,2,8.83221,-0.123345,11.4382,19.207
0.47287,2,8.83221,-7.04789,3.70636,2.26022
0.528465,2,8.83221,10.8188,-1.58254,3.25137
-5.61087,2,8.83221,26.0192,21.8304,24.6971
-3.39081,2,8.83221,-22.7429,-18.8794,2.76124
-1.05408,1,8.83221,-17.3384,-16.19,8.00348
-1.63461,2,8.83221,2.16238,26.1138,9.36126
-1.39972,2,8.83221,12.6679,-19.6139,4.09628
-0.451436,2,8.83221,-18.8569,-7.80184,6.18468
-0.451436,1,8.83221,-18.8569,-7.80184,6.18468
0.0218647,2,8.83221,1.97804,16.9479,16.1523
0.253363,2,8.83221,1.25167,-17.4376,8.58648
0.312503,2,8.83221,-14.8673,-1.40307,4.64277
1.32874,1,8.83221,1.70719,4.08987,16.6439
0.716852,2,8.83221,9.49487,8.92268,5.59771
-1.86718,2,8.83221,-24.5861,-10.4238,13.3828
-1.86718,0,8.83221,-24.5861,-10.4238,13.3828
-1.86718,2,8.83221,-24.5861,-10.4238,13.3828
-1.86718,1,8.83221,-24.5861,-10.4238,13.3828
-1.86718,1,8.83221,-24.5861,-10.4238,13.3828
-0.90299,2,8.83221,17.4047,-12.9246,16.4545
1.18607,1,8.83221,8.26355,-6.72893,12.2822
1.40828,2,8.83221,-3.23205,7.7572,12.0942
1.40828,1,8.83221,-3.23205,7.7572,12.0942
1.02163,2,8.83221,-2.08096,-10.4642,14.9065
1.02163,1,8.83221,-2.08096,-10.4642,14.9065
1.56318,2,8.83221,-3.24194,3.03586,13.9596
1.56318,2,8.83221,-3.24194,3.03586,13.9596
-0.057215,1,8.83221,19.2294,-1.46529,9.85279
0.175429,2,8.83221,-8.52328,-2.73767,1.80848
1.22813,2,8.83221,2.63083,-8.00844,5.74593
-1.37146,2,8.83221,-5.35085,8.2003,0.410147
-1.44679,2,8.83221,-3.63197,-6.70512,0.314886
-1.0193,1,8.83221,-3.04174,7.64798,0.506974
1.3522,2,8.83221,-3.32998,-7.34123,6.69342
0.745762,2,8.83221,6.15657,6.07654,19.1413
0.745762,2,8.83221,6.15657,6.07654,19.1413
0.745762,2,8.83221,6.15657,6.07654,19.1413
0.745762,2,8.83221,6.15657,6.07654,19.1413
0.875183,1,8.83221,6.70106,11.7595,11.0888
-0.231865,2,8.83221,-16.3966,-10.8632,7.02095
0.570128,2,8.83221,11.0206,11.0583,8.85076
1.53267,2,8.83221,-4.75762,-1.84559,6.5263
1.43787,2,8.83221,7.16741,4.37865,11.1144
1.75104,2,8.83221,-1.95991,-1.287,8.49119
1.75104,1,8.83221,-1.95991,-1.287,8.49119
1.54725,2,8.83221,-1.09175,5.19472,13.5539
1.54725,2,8.83221,-1.09175,5.19472,13.5539
1.23678,2,8.83221,4.02983,4.67848,4.64205
-0.212819,2,8.83221,-12.9986,13.0501,4.99395
1.38125,2,8.83221,2.52151,-7.62783,7.04228
1.57952,2,8.83221,-4.61911,4.77058,9.49534
1.31724,2,8.83221,-8.89253,-4.13824,9.34877
-0.286182,2,8.83221,19.9656,0.901405,7.14271
-0.286182,2,8.83221,19.9656,0.901405,7.14271
0.116951,2,8.83221,11.8048,-10.538,4.31476
0.950032,2,8.83221,1.99908,-4.98229,3.13723
1.16411,2,8.83221,10.758,1.1117,7.78094
1.16411,1,8.83221,10.758,1.1117,7.78094
-0.223883,2,8.83221,-19.8366,-0.210089,12.5154
-0.223883,2,8.83221,-19.8366,-0.210089,12.5154
-0.223883,1,8.83221,-19.8366,-0.210089,12.5154
-0.0528742,2,8.83221,-1.67202,19.187,9.72322
-0.0528742,1,8.83221,-1.67202,19.187,9.72322
1.14389,1,8.83221,0.461055,10.6979,7.23456
1.14389,2,8.83221,0.461055,10.6979,7.23456
1.14389,1,8.83221,0.461055,10.6979,7.23456
1.37607,2,8.83221,-4.41094,-7.5604,7.9935
1.37607,1,8.83221,-4.41094,-7.5604,7.9935
1.5105,2,8.83221,2.64453,6.94283,8.75914
0.537007,1,8.83221,5.16355,9.88277,18.8591
-1.51022,1,8.83221,11.6027,16.6455,1.75712
-1.49921,2,8.83221,15.9299,4.57722,0.885398
-0.0845695,2,8.83221,-10.1027,-12.7374,18.2648
-1.58707,2,8.83221,-23.4085,8.70839,5.33445
0.817352,2,8.83221,2.81766,-3.38482,2.57952
1.21751,2,8.83221,-4.01002,9.12924,13.0989
-0.216733,2,8.83221,13.7412,3.21089,2.2342
1.46464,2,8.83221,8.19784,0.508151,10.2517
1.40303,2,8.83221,-6.85393,0.149763,6.2578
-0.869888,1,8.83221,-21.4635,8.56616,10.4699
-0.29534,2,8.83221,-15.0295,9.37739,3.84913
1.03087,2,8.83221,4.26777,-4.46948,3.62363
1.17705,2,8.83221,-6.65809,5.16339,5.33519
1.17705,1,8.83221,-6.65809,5.16339,5.33519
1.17705,1,8.83221,-6.65809,5.16339,5.33519
0.973552,1,8.83221,-0.541682,-6.17218,3.39816
0.388273,2,8.83221,-2.87245,12.8593,3.77145
0.416606,1,8.83221,-8.51023,5.3033,2.59343
-0.858189,2,8.83221,8.77769,-7.02185,0.79994
-1.79189,2,8.83221,-7.36421,-19.8422,1.5847
-2.02498,2,8.83221,4.20333,22.646,1.90744
-0.912059,2,8.83221,-1.16161,5.54534,0.472157
-2.03152,2,8.83221,17.3991,9.52647,0.942079
-3.72468,2,8.83221,-17.0698,-16.4962,0.403996
-3.32275,1,8.83221,-14.4433,1.55184,0.103559
-5.93225,2,8.83221,-5.66492,8.16691,0.00434687
0.749152,2,8.83221,3.87578,0.48426,2.34659
-0.572792,1,8.83221,0.424524,16.2192,2.15242
-1.34935,2,8.83221,-17.3568,-5.34012,23.9926
-1.34935,1,8.83221,-17.3568,-5.34012,23.9926
-1.34935,2,8.83221,-17.3568,-5.34012,23.9926
1.74567,1,8.83221,-3.28735,-0.218203,9.4902
1.74567,1,8.83221,-3.28735,-0.218203,9.4902
1.5207,2,8.83221,2.41612,-5.5292,7.02537
1.65773,2,8.83221,-0.184379,2.7815,6.94138
-1.25244,1,8.83221,15.1006,3.85908,0.967374
-0.764741,1,8.83221,8.72483,8.03847,0.944993
-0.817221,1,8.83221,-2.76927,13.299,1.11817
-1.18942,2,8.83221,-17.4252,5.15679,1.60746
-0.112173,2,8.83221,15.0766,-2.85977,19.5272
-2.46738,2,8.83221,-0.674463,10.5924,0.148972
-1.85915,2,8.83221,-7.05943,9.85817,0.325132
1.02151,2,8.83221,9.62242,-7.67317,8.50113
-1.34085,2,8.83221,22.3362,-5.58354,17.6797
-1.34085,1,8.83221,22.3362,-5.58354,17.6797
-1.34085,2,8.83221,22.3362,-5.58354,17.6797
-0.245304,1,8.83221,18.8135,-4.01992,14.7272
-1.41593,2,8.83221,-20.6079,13.1188,5.61674
-1.41593,1,8.83221,-20.6079,13.1188,5.61674
0.632359,2,8.83221,-4.80501,13.8017,13.3528
0.477684,2,8.83221,-13.717,-5.75587,5.75195
0.477684,1,8.83221,-13.717,-5.75587,5.75195
0.477684,1,8.83221,-13.717,-5.75587,5.75195
0.477684,1,8.83221,-13.717,-5.75587,5.75195
0.477684,0,8.83221,-13.717,-5.75587,5.75195
0.534122,2,8.83221,-9.52508,0.433779,2.79478
1.16916,1,8.83221,-7.36154,-1.54709,4.79175
1.26996,2,8.83221,2.77323,-8.65957,13.6305
0.908971,2,8.83221,-10.8846,6.91431,7.61862
1.00501,1,8.83221,-4.87132,4.59451,3.65462
0.467254,1,8.83221,-8.35242,12.1975,5.55146
-0.179673,2,8.83221,9.13349,-9.74887,2.08413
0.188997,2,8.83221,15.5037,-1.0028,16.9311
0.980511,2,8.83221,2.48595,9.59781,4.91821
0.980511,1,8.83221,2.48595,9.59781,4.91821
1.08752,2,8.83221,2.55268,8.73458,5.11638
1.25708,2,8.83221,2.54256,10.1309,9.96432
1.5358,2,8.83221,1.5982,6.06148,12.759
1.33613,2,8.83221,0.0383935,6.28573,5.3478
-1.1131,2,8.83221,0.275065,20.9885,3.1224
0.813437,2,8.83221,12.2185,0.874907,5.58178
0.813437,1,8.83221,12.2185,0.874907,5.58178
0.929843,1,8.83221,6.16055,-3.03457,3.39874
0.392645,1,8.83221,12.6283,8.97217,5.82508
0.392645,1,8.83221,12.6283,8.97217,5.82508
0.392645,0,8.83221,12.6283,8.97217,5.82508
-0.185869,2,8.83221,-13.4939,-12.9473,15.239
-0.185869,2,8.83221,-13.4939,-12.9473,15.239
-0.0994731,2,8.83221,15.2147,10.8383,6.33361
-0.0994731,1,8.83221,15.2147,10.8383,6.33361
-0.0461103,2,8.83221,14.819,4.036,3.2774
-0.0742264,2,8.83221,8.70382,16.7517,7.0945
-0.429175,1,8.83221,-3.87186,3.89896,0.759324
0.936921,2,8.83221,-1.19438,-3.94122,2.89702
0.936921,1,8.83221,-1.19438,-3.94122,2.89702
1.12718,2,8.83221,-11.2663,0.309448,12.0696
1.12718,1,8.83221,-11.2663,0.309448,12.0696
1.60906,1,8.83221,3.86003,0.011682,13.6273
1.31359,2,8.83221,-7.53766,-4.65172,7.06894
1.31359,2,8.83221,-7.53766,-4.65172,7.06894
-1.50898,2,8.83221,7.48841,24.0643,6.57196
-1.50898,1,8.83221,7.48841,24.0643,6.57196
-0.802359,2,8.83221,-7.21648,-20.2117,15.9174
0.352978,2,8.83221,13.2569,2.80561,3.83693
0.992571,2,8.83221,8.70701,9.22873,10.7229
0.992571,2,8.83221,8.70701,9.22873,10.7229
-0.298546,2,8.83221,3.76867,-19.6336,6.9857
-0.256694,2,8.83221,-10.6843,16.6873,13.2462
-0.256694,2,8.83221,-10.6843,16.6873,13.2462
-1.16831,2,8.83221,-9.86638,17.4641,2.39165
0.096944,2,8.83221,-11.4487,12.9255,14.9444
0.985486,1,8.83221,3.09934,-4.49879,3.28243
0.916159,2,8.83221,-0.132316,3.13692,2.72531
1.50418,2,8.83221,7.19433,-1.96832,8.61256
1.50418,1,8.83221,7.19433,-1.96832,8.61256
1.50418,1,8.83221,7.19433,-1.96832,8.61256
1.25219,1,8.83221,9.63388,-1.76376,12.7686
0.798964,2,8.83221,-10.3692,1.17864,4.18286
-1.57755,2,8.83221,-20.812,-5.55711,2.15046
-1.26912,2,8.83221,16.5244,6.2199,1.34809
1.23279,2,8.83221,-9.97127,2.16684,12.294
1.23279,2,8.83221,-9.97127,2.16684,12.294
0.463115,2,8.83221,-6.93555,-14.2677,12.9714
0.299966,2,8.83221,13.9535,9.65665,12.6036
0.376025,1,8.83221,1.63005,-3.76414,1.60485
0.0857333,1,8.83221,-1.99242,-7.83478,1.52834
1.12783,2,8.83221,9.40218,-5.91075,7.69529
1.61195,2,8.83221,-0.0974954,4.89977,12.7639
1.46626,2,8.83221,1.42763,-7.64733,8.22338
1.1005,2,8.83221,2.87744,1.4938,3.35078
0.858867,1,8.83221,-6.95589,-9.92232,5.82981
0.505995,2,8.83221,0.555513,10.7344,19.3986
-0.890264,2,8.83221,16.9023,14.8863,6.34303
-0.890264,1,8.83221,16.9023,14.8863,6.34303
0.163188,2,8.83221,14.0441,-6.25114,17.3821
0.832414,2,8.83221,12.7488,0.125476,14.1984
-0.679474,2,8.83221,2.70905,16.9501,2.26935
-0.679474,1,8.83221,2.70905,16.9501,2.26935
-0.679474,1,8.83221,2.70905,16.9501,2.26935
-0.522357,2,8.83221,-10.5918,-14.0815,2.92339
0.573822,1,8.83221,-4.05067,-13.2685,5.36607
0.992027,2,8.83221,-12.1807,-3.59698,10.6405
0.992027,1,8.83221,-12.1807,-3.59698,10.6405
1.54487,2,8.83221,-2.39131,6.69269,9.28994
1.19485,2,8.83221,6.89816,-7.54516,7.23833
-0.799912,2,8.83221,-16.063,9.40465,20.4149
0.993766,2,8.83221,5.37742,2.47347,3.41142
-1,2,8.83221,-17.4753,-6.45258,2.13373
0.241304,1,8.83221,-12.7273,-4.12756,3.28869
-0.519182,2,8.83221,-11.4396,-8.1868,1.62159
-0.294477,2,8.83221,3.79534,3.77484,26.1318
-0.294477,2,8.83221,3.79534,3.77484,26.1318
-0.294477,2,8.83221,3.79534,3.77484,26.1318
-0.294477,2,8.83221,3.79534,3.77484,26.1318
-1.85036,2,8.83221,-0.039449,-9.63715,0.250158
-1.4685,1,8.83221,-6.94708,-9.27246,0.451002
-2.75205,2,8.83221,1.58398,2.58093,0.066792
-3.1501,2,8.83221,-7.69963,-8.52187,0.0828654
-3.30323,2,8.83221,0.308013,-1.23464,0.0370634
-3.30323,2,8.83221,0.308013,-1.23464,0.0370634
-1.2696,3,8.83221,-5.25106,-2.31593,30.0229
-1.2696,2,8.83221,-5.25106,-2.31593,30.0229
-1.2696,2,8.83221,-5.25106,-2.31593,30.0229
-1.2696,2,8.83221,-5.25106,-2.31593,30.0229
-1.2696,1,8.83221,-5.25106,-2.31593,30.0229
-1.2696,1,8.83221,-5.25106,-2.31593,30.0229
-1.2696,2,8.83221,-5.25106,-2.31593,30.0229
-1.2696,2,8.83221,-5.25106,-2.31593,30.0229
-1.2696,2,8.83221,-5.25106,-2.31593,30.0229
-1.2696,2,8.83221,-5.25106,-2.31593,30.0229
-1.2696,2,8.83221,-5.25106,-2.31593,30.0229
-1.2696,1,8.83221,-5.25106,-2.31593,30.0229
-1.2696,3,8.83221,-5.25106,-2.31593,30.0229
-1.2696,2,8.83221,-5.25106,-2.31593,30.0229
-1.2696,2,8.83221,-5.25106,-2.31593,30.0229
-1.2696,2,8.83221,-5.25106,-2.31593,30.0229
0.806654,1,8.83221,3.10486,-3.06099,2.54488
-0.339355,1,8.83221,-12.2172,-15.3434,14.988
-0.339355,2,8.83221,-12.2172,-15.3434,14.988
-0.339355,1,8.83221,-12.2172,-15.3434,14.988
1.481,2,8.83221,6.33095,-2.26979,7.08741
1.481,0,8.83221,6.33095,-2.26979,7.08741
1.481,1,8.83221,6.33095,-2.26979,7.08741
1.49466,2,8.83221,-4.12131,-0.0862196,5.71364
1.49466,1,8.83221,-4.12131,-0.0862196,5.71364
1.55362,2,8.83221,3.67438,-5.895,9.13569
1.60161,2,8.83221,5.96581,2.10143,10.3089
1.60161,1,8.83221,5.96581,2.10143,10.3089
1.60161,2,8.83221,5.96581,2.10143,10.3089
1.60161,1,8.83221,5.96581,2.10143,10.3089
1.60161,2,8.83221,5.96581,2.10143,10.3089
1.17618,2,8.83221,-2.74339,2.82771,3.76025
1.17618,1,8.83221,-2.74339,2.82771,3.76025
-1.16462,1,8.83221,-13.7759,14.5538,2.39151
-0.132678,2,8.83221,5.99118,9.72073,22.845
0.798487,2,8.83221,-2.8322,2.30536,2.44763
0.349474,1,8.83221,4.74691,11.976,18.706
0.850661,1,8.83221,2.86979,11.8637,5.85223
0.850661,1,8.83221,2.86979,11.8637,5.85223
-0.455516,2,8.83221,-16.7292,6.09923,19.0698
-1.64814,2,8.83221,-4.56505,8.75955,0.313549
0.998751,2,8.83221,2.40832,-7.72907,17.5382
1.20749,2,8.83221,-5.03987,8.21927,6.63533
1.20749,1,8.83221,-5.03987,8.21927,6.63533
1.20749,1,8.83221,-5.03987,8.21927,6.63533
1.36905,2,8.83221,5.40152,-3.7772,14.9612
0.36528,2,8.83221,1.76311,14.8347,4.97823
1.58832,2,8.83221,0.618134,5.21873,7.37929
0.925232,2,8.83221,11.6416,-6.31779,9.87989
-0.302857,2,8.83221,16.8557,-5.26101,3.77042
-0.302857,1,8.83221,16.8557,-5.26101,3.77042
-1.70018,3,8.83221,23.3312,-7.06808,3.83818
0.0418737,2,8.83221,-10.158,15.6932,11.179
0.0418737,1,8.83221,-10.158,15.6932,11.179
-0.212417,2,8.83221,20.0711,-0.231287,9.77861
0.225528,1,8.83221,16.1989,-4.02555,14.5565
-0.59646,2,8.83221,2.1812,-20.0343,16.5755
-1.77732,2,8.83221,3.23049,17.5496,0.83383
0.629589,2,8.83221,-0.159242,-10.7025,18.5311
0.629589,2,8.83221,-0.159242,-10.7025,18.5311
1.23571,2,8.83221,-2.88106,2.73986,17.6364
-0.0761639,2,8.83221,2.26448,2.17366,0.978126
-0.0761639,1,8.83221,2.26448,2.17366,0.978126
-0.0761639,1,8.83221,2.26448,2.17366,0.978126
-0.0761639,1,8.83221,2.26448,2.17366,0.978126
1.32584,1,8.83221,-7.44638,4.43719,7.00841
1.32584,1,8.83221,-7.44638,4.43719,7.00841
1.32584,1,8.83221,-7.44638,4.43719,7.00841
1.32584,0,8.83221,-7.44638,4.43719,7.00841
1.32584,1,8.83221,-7.44638,4.43719,7.00841
1.31353,2,8.83221,-0.39893,-8.19419,14.1296
1.41588,2,8.83221,-0.264383,-2.59881,4.77877
0.36363,1,8.83221,-8.27406,-8.01853,19.7869
0.36363,2,8.83221,-8.27406,-8.01853,19.7869
0.36363,2,8.83221,-8.27406,-8.01853,19.7869
0.36363,2,8.83221,-8.27406,-8.01853,19.7869
0.36363,2,8.83221,-8.27406,-8.01853,19.7869
1.35023,1,8.83221,-9.3935,0.63361,10.9719
0.511247,2,8.83221,-15.6134,-1.87076,7.75506
0.511247,1,8.83221,-15.6134,-1.87076,7.75506
0.511247,1,8.83221,-15.6134,-1.87076,7.75506
0.220272,2,8.83221,3.13905,9.54121,21.6892
0.637341,2,8.83221,-9.18341,-0.925801,3.03215
0.157303,1,8.83221,-3.97112,9.62235,2.05487
0.0549658,2,8.83221,16.7437,6.97454,6.98685
0.0549658,2,8.83221,16.7437,6.97454,6.98685
-1.43872,2,8.83221,-24.5993,-0.608717,5.79216
-4.69423,2,8.83221,26.8906,20.1741,2.69843
-2.04848,2,8.83221,17.1579,21.7606,11.0896
-1.76119,2,8.83221,-22.3967,-14.4554,8.97391
-1.76119,1,8.83221,-22.3967,-14.4554,8.97391
-1.76119,0,8.83221,-22.3967,-14.4554,8.97391
-2.95509,2,8.83221,24.7979,15.4735,17.62
-3.46273,2,8.83221,-30.413,-11.3006,9.55033
0.386581,1,8.83221,-11.8612,-6.85047,4.08883
1.55861,2,8.83221,2.68593,-3.91987,13.8146
1.55861,1,8.83221,2.68593,-3.91987,13.8146
1.24841,2,8.83221,-8.71507,2.76834,6.56766
0.768212,2,8.83221,8.98693,4.7242,3.89403
1.60543,2,8.83221,-4.03917,-3.55694,12.3684
1.60543,1,8.83221,-4.03917,-3.55694,12.3684
1.60543,1,8.83221,-4.03917,-3.55694,12.3684
1.43979,2,8.83221,-0.862236,7.09912,13.4328
0.635348,2,8.83221,14.2659,-3.54384,7.21269
0.635348,1,8.83221,14.2659,-3.54384,7.21269
-2.39526,2,8.83221,19.9201,-15.0223,2.09399
0.10739,2,8.83221,0.990878,-5.14478,1.2878
1.67578,2,8.83221,2.53185,0.460968,13.2022
1.67578,1,8.83221,2.53185,0.460968,13.2022
1.67578,1,8.83221,2.53185,0.460968,13.2022
1.67578,1,8.83221,2.53185,0.460968,13.2022
1.53868,2,8.83221,-7.01513,-1.82572,9.65915
1.53868,1,8.83221,-7.01513,-1.82572,9.65915
1.43269,2,8.83221,4.72728,-7.1116,9.28172
1.13712,2,8.83221,1.61229,0.0340366,18.9219
1.13712,2,8.83221,1.61229,0.0340366,18.9219
1.4379,2,8.83221,-6.24487,-0.04076,6.20558
0.933558,2,8.83221,7.18208,6.97002,16.5737
0.933558,1,8.83221,7.18208,6.97002,16.5737
0.933558,2,8.83221,7.18208,6.97002,16.5737
0.424585,2,8.83221,14.8764,7.35898,10.2631
-2.71146,2,8.83221,27.5799,4.39752,3.48794
0.936162,2,8.83221,-0.868291,-0.244542,2.65223
0.936162,1,8.83221,-0.868291,-0.244542,2.65223
0.936162,1,8.83221,-0.868291,-0.244542,2.65223
-1.91504,1,8.83221,23.6809,5.9181,19.5358
-2.51501,2,8.83221,20.2658,20.3099,5.90059
-2.51501,1,8.83221,20.2658,20.3099,5.90059
0.169515,2,8.83221,-14.1839,-7.53716,4.83807
-2.25045,1,8.83221,-28.1615,-2.0046,7.52328
-1.07572,2,8.83221,-19.6946,-6.405,3.05053
0.29772,1,8.83221,-4.10908,12.2868,3.29076
0.653457,2,8.83221,3.53197,-13.8223,13.8206
0.851265,2,8.83221,-4.42096,12.871,11.6301
1.00847,2,8.83221,0.852472,-12.5238,9.21973
1.00847,1,8.83221,0.852472,-12.5238,9.21973
-1.01267,2,8.83221,-19.1006,-11.6305,5.02277
1.09561,2,8.83221,7.69865,3.3257,16.4505
1.09561,2,8.83221,7.69865,3.3257,16.4505
1.52279,2,8.83221,-1.27208,-1.42949,5.40381
1.08357,2,8.83221,2.3585,1.81266,3.25717
1.55477,2,8.83221,-4.14575,-2.15321,6.5378
0.89202,1,8.83221,-3.69779,-6.23723,3.35777
0.494458,2,8.83221,-15.0831,-5.69356,10.9378
0.444126,2,8.83221,13.8423,6.89315,6.27554
1.59305,2,8.83221,5.11574,3.9363,9.65421
1.59305,1,8.83221,5.11574,3.9363,9.65421
1.62753,2,8.83221,4.78254,-3.06444,8.85154
1.62753,2,8.83221,4.78254,-3.06444,8.85154
1.47182,2,8.83221,-6.25164,1.68356,6.74599
1.74862,2,8.83221,1.66077,-2.82934,9.87644
1.55523,2,8.83221,-1.62679,6.3794,11.7985
0.0637119,2,8.83221,7.28794,11.8618,2.93231
-0.659952,2,8.83221,2.57259,21.1208,5.92433
-0.331546,2,8.83221,4.98226,-19.3262,6.49478
